733f9ed229f74177,133f9ed22977c377
569ecf7817ac4ebd,369ecf78172cccbd
11445b281e47433c,71445b281ec7c13c
30f4f1f0c44c12c1,50f4f1f0c4cc90c1
1620c4ed438a0a2c,7620c4ed430a882c
f94802eae8a180a9,994802eae82102a9
51099040d706cc55,31099040d7864e55
c4fe606b88505108,a4fe606b88d0d308
f8357d9541097d16,98357d954189ff16
71a654809785e2e7,11a65480970560e7
54ef34b4f4a5c944,34ef34b4f4254b44
a7ab0389bdd73aec,c7ab0389bd57b8ec
77de2f14cd498745,17de2f14cdc90545
997ade0c9841b5a6,f97ade0c98c137a6
9ef4e5b51a063905,fef4e5b51a86bb05
994085a4f0677987,f94085a4f0e7fb87
d52a9b4e9faadcf0,b52a9b4e9f2a5ef0
11dc6bb91409c070,71dc6bb914894270
3674886ae355e5ea,5674886ae3d567ea
a075380fe2957792,c075380fe215f592
523a226207667016,323a226207e6f216
c7ee928f89081fbd,a7ee928f89889dbd
c6ed5d1b596ac86d,a6ed5d1b59ea4a6d
