871de74f4bc76f49,871de74f2bc76f49
fb0deb66ed9b7ebd,fb0deb668d9b7ebd
f0e572e74a7ea3d3,f0e572e72a7ea3d3
e9638edd18d94e90,e9638edd78d94e90
2f58a7c42e002fc1,2f58a7c44e002fc1
ea05519db7794e3f,ea05519dd7794e3f
048913bbee9c26df,048913bb8e9c26df
5b1624fadbc043e2,5b1624fabbc043e2
d1660d61bdb1eea5,d1660d61ddb1eea5
57ec8c6a5db40ce7,57ec8c6a3db40ce7
d3f9669d61798cb9,d3f9669d01798cb9
2d27e70b6f47ac9d,2d27e70b0f47ac9d
418cc32a8f6b1df4,418cc32aef6b1df4
5fe0e0b0733f9ed2,5fe0e0b0133f9ed2
e4041856ac163682,e4041856cc163682
9fa014feac509290,9fa014fecc509290
ff0433ed569ecf78,ff0433ed369ecf78
e8ac608711445b28,e8ac608771445b28
ed3cb760d9dc39ac,ed3cb760b9dc39ac
4a92c526bcf4f2ac,4a92c526dcf4f2ac
02c22ebdbf6e7626,02c22ebddf6e7626
8f0af56130f4f1f0,8f0af56150f4f1f0
bc236df34d5c7937,bc236df32d5c7937
e988774d8a94bc43,e988774dea94bc43
0e7b914d4d4c0a8f,0e7b914d2d4c0a8f
067cc8201620c4ed,067cc8207620c4ed
ef40ce4536f118c1,ef40ce4556f118c1
87c456c35eb5ebac,87c456c33eb5ebac
a874c6fb2ebcde84,a874c6fb4ebcde84
6076723bf94802ea,6076723b994802ea
90f7c9bdf70d3239,90f7c9bd970d3239
d12101b5ae11b11a,d12101b5ce11b11a
f09992f12e3d1007,f09992f14e3d1007
327846d838c49809,327846d858c49809
34ef39b54a051d32,34ef39b52a051d32
f5b4e5de5729a8cd,f5b4e5de3729a8cd
a7e3278249e20d6b,a7e3278229e20d6b
5688f9abd9668e62,5688f9abb9668e62
9b9ec0a151099040,9b9ec0a131099040
44312c12c4fe606b,44312c12a4fe606b
b216af9ff8357d95,b216af9f98357d95
3ac17f1171a65480,3ac17f1111a65480
7956bf1c5c92c42d,7956bf1c3c92c42d
d9ffcacdab270725,d9ffcacdcb270725
82d463f73c567a4a,82d463f75c567a4a
67d420fbaa18a909,67d420fbca18a909
bbfdfb66084a0bf9,bbfdfb66684a0bf9
fb6dddc554ef34b4,fb6dddc534ef34b4
4e169d3ae92c9868,4e169d3a892c9868
0fc37465653cda30,0fc37465053cda30
532c9817a7ab0389,532c9817c7ab0389
4528764677de2f14,4528764617de2f14
b5c5c9bdc55eda84,b5c5c9bda55eda84
fab08235decbf224,fab08235becbf224
9234e598997ade0c,9234e598f97ade0c
ea59c391bf8c292c,ea59c391df8c292c
3bdc78859ef4e5b5,3bdc7885fef4e5b5
8f37feae669b04f7,8f37feae069b04f7
10d91f32ab68344e,10d91f32cb68344e
18a9c462af6168b7,18a9c462cf6168b7
6871d3dd4eb78ee6,6871d3dd2eb78ee6
f2f8acdfab2e5afd,f2f8acdfcb2e5afd
de243095994085a4,de243095f94085a4
eccab10ad52a9b4e,eccab10ab52a9b4e
26cc572911dc6bb9,26cc572971dc6bb9
bf10034e3674886a,bf10034e5674886a
c770eebf90dc5ef4,c770eebff0dc5ef4
a037b948a60bbb70,a037b948c60bbb70
7400e50ca075380f,7400e50cc075380f
8fe2bfca20b7e685,8fe2bfca40b7e685
d3b7697da457bad6,d3b7697dc457bad6
448cf2793f320dd6,448cf2795f320dd6
4070c89703121f4e,4070c89763121f4e
38076309eef4ea04,380763098ef4ea04
c52b4ab581fb0f3f,c52b4ab5e1fb0f3f
1c8b9f5cb8ea33aa,1c8b9f5cd8ea33aa
60fe380a523a2262,60fe380a323a2262
346c57d994bf874a,346c57d9f4bf874a
b4b530fc7dac0be0,b4b530fc1dac0be0
7e443aa2c7ee928f,7e443aa2a7ee928f
5d5f02c96bb74822,5d5f02c90bb74822
47832fef47f7f821,47832fef27f7f821
c7457b11d9d63aab,c7457b11b9d63aab
23caaf956dc2a7a7,23caaf950dc2a7a7
a87230a40921e395,a87230a46921e395
0134d7925ee9d92c,0134d7923ee9d92c
5e5ccc4ec6ed5d1b,5e5ccc4ea6ed5d1b
853e690d7b29f93a,853e690d1b29f93a
c9a662a727d0d92a,c9a662a747d0d92a
379a6fbfaed0f0b9,379a6fbfced0f0b9
bffbe499814758c2,bffbe499e14758c2
93d8d8b3e64a1546,93d8d8b3864a1546
bdac12fa2ac7590b,bdac12fa4ac7590b
74a84c2c8b40e4c1,74a84c2ceb40e4c1
0248add91b9b6727,0248add97b9b6727
135dfaccd8f98f09,135dfaccb8f98f09
b23e639b59c831b0,b23e639b39c831b0
c569c52be143086e,c569c52b8143086e
2e3320014e9d3294,2e3320012e9d3294
923fd7ba5ee8e6d1,923fd7ba3ee8e6d1
